"","birthCountryEnglish","gender","n"
"1","United Kingdom","Male",1298
"2","","Male",377
"3","United States","Male",266
"4","United Kingdom","Female",203
"5","France","Male",139
"6","Germany","Male",118
"7","","",114
"8","Italy","Male",75
"9","United States","Female",72
"10","","Female",63
"11","Ireland","Male",43
"12","Belgium","Male",36
"13","Poland","Male",35
"14","Netherlands","Male",32
"15","Canada","Male",29
"16","Spain","Male",27
"17","Germany","Female",24
"18","Russia","Male",24
"19","Switzerland","Male",24
"20","Australia","Male",23
"21","Austria","Male",23
"22","Brazil","Male",20
"23","Japan","Male",20
"24","France","Female",19
"25","South Africa","Male",19
"26","China","Male",17
"27","India","Male",17
"28","Ukraine","Male",14
"29","Argentina","Male",12
"30","Mexico","Male",12
"31","Romania","Male",12
"32","Canada","Female",11
"33","Czech Republic","Male",11
"34","Israel","Male",11
"35","Brazil","Female",10
"36","Sweden","Male",10
"37","Denmark","Male",9
"38","Greece","Male",9
"39","Croatia","Male",8
"40","Ireland","Female",8
"41","New Zealand","Male",8
"42","Iran","Female",7
"43","Portugal","Male",7
"44","Venezuela","Male",7
"45","Austria","Female",6
"46","Colombia","Male",6
"47","Cuba","Male",6
"48","Poland","Female",6
"49","Argentina","Female",5
"50","Egypt","Male",5
"51","Italy","Female",5
"52","Russia","Female",5
"53","Slovenia","Male",5
"54","Turkey","Male",5
"55","Belarus","Male",4
"56","Chile","Male",4
"57","Colombia","Female",4
"58","Hungary","Male",4
"59","Lebanon","Male",4
"60","Pakistan","Male",4
"61","Switzerland","Female",4
"62","Cuba","Female",3
"63","Hungary","Female",3
"64","India","Female",3
"65","Iran","Male",3
"66","Japan","Female",3
"67","Lebanon","Female",3
"68","Lithuania","Male",3
"69","Netherlands","Female",3
"70","Norway","Male",3
"71","Portugal","Female",3
"72","South Korea","Male",3
"73","Sri Lanka","Male",3
"74","Ukraine","Female",3
"75","Algeria","Male",2
"76","Bosnia and Herzegovina","Male",2
"77","Bulgaria","Male",2
"78","China","Female",2
"79","Czech Republic","Female",2
"80","Egypt","Female",2
"81","Israel","Female",2
"82","Latvia","Male",2
"83","New Zealand","Female",2
"84","Peru","Male",2
"85","Serbia","Male",2
"86","Singapore","Female",2
"87","Slovakia","Male",2
"88","Spain","Female",2
"89","Sweden","Female",2
"90","Albania","Male",1
"91","Armenia","Male",1
"92","Australia","Female",1
"93","Bahamas","Male",1
"94","Bangladesh","Female",1
"95","Bangladesh","Male",1
"96","Barbados","Male",1
"97","Belgium","Female",1
"98","Benin","Male",1
"99","Cameroun","Male",1
"100","Chile","Female",1
"101","Costa Rica","Female",1
"102","Croatia","Female",1
"103","Estonia","Male",1
"104","Finland","Female",1
"105","Greece","Female",1
"106","Guyana","Male",1
"107","Iceland","Female",1
"108","Indonesia","Female",1
"109","Indonesia","Male",1
"110","Iraq","Female",1
"111","Jamaica","Female",1
"112","Jamaica","Male",1
"113","Japan","",1
"114","Kenya","Female",1
"115","Laos","Male",1
"116","Latvia","Female",1
"117","Luxembourg","Male",1
"118","Macedonia","Male",1
"119","Malaysia","Female",1
"120","Malta","Male",1
"121","Mauritius","Female",1
"122","Mauritius","Male",1
"123","Mexico","Female",1
"124","Moldova","Male",1
"125","Myanmar","Male",1
"126","Nicaragua","Male",1
"127","Nigeria","Male",1
"128","Pakistan","Female",1
"129","Panama","Male",1
"130","Peru","Female",1
"131","Philippines","Male",1
"132","Romania","Female",1
"133","Serbia","Female",1
"134","Slovakia","Female",1
"135","Slovenia","Female",1
"136","South Africa","Female",1
"137","Syria","Male",1
"138","Tanzania","Female",1
"139","Thailand","Male",1
"140","Tunisia","Male",1
"141","Turkey","Female",1
"142","Uganda","Female",1
"143","United States","",1
"144","Vietnam","Female",1
"145","Vietnam","Male",1
"146","Zambia","Female",1
"147","Zimbabwe","Male",1
